M,K,N,act,bias,avg_s,TFLOPS
1024,1024,1024,relu,pern,0.004179,0.514
2048,2048,1024,relu,pern,0.010731,0.800
