M,K,N,mode,act,bias,avg_s,TFLOPS
1024,1024,1024,kernel,relu,pern,0.001031,2.084
2048,2048,1024,kernel,relu,pern,0.003237,2.654
4096,4096,1024,kernel,relu,pern,0.013031,2.637
