M,K,N,act,bias,avg_s,TFLOPS
1024,1024,1024,relu,pern,0.004020,0.534
2048,2048,1024,relu,pern,0.010001,0.859
