M,K,N,mode,act,bias,avg_s,TFLOPS
1024,1024,1024,kernel,relu,pern,0.001016,2.113
2048,2048,1024,kernel,relu,pern,0.002407,3.569
4096,4096,1024,kernel,relu,pern,0.008284,4.148
